time,slave_id,event,operation,address,count,request_regs,response_regs,trigger,last_applied,last_result,last_io_err,message
2026-03-08T13:28:22.355062,1,refresh,lighting_refresh_s1_zeroBased,1745,3,,0|0|0,0,0,0,0,
2026-03-08T13:28:25.309969,3,refresh,lighting_refresh_s3_zeroBased,1785,3,,0|0|0,0,0,0,0,
2026-03-08T13:28:28.308377,5,refresh,lighting_refresh_s5_zeroBased,1825,3,,0|0|0,0,0,0,0,
2026-03-08T13:28:29.260740,6,refresh,lighting_refresh_s6_zeroBased,1845,3,,0|0|0,0,0,0,0,
2026-03-08T13:28:29.771335,7,refresh,lighting_refresh_s7_zeroBased,1865,3,,0|0|0,0,0,0,0,
2026-03-08T13:28:32.817958,9,refresh,lighting_refresh_s9_zeroBased,1905,3,,0|0|0,0,0,0,0,
2026-03-08T13:28:33.761195,10,refresh,lighting_refresh_s10_zeroBased,1925,3,,0|0|0,0,0,0,0,
2026-03-08T13:28:34.282053,11,refresh,lighting_refresh_s11_zeroBased,1945,3,,0|0|0,0,0,0,0,
2026-03-08T13:28:37.301625,13,refresh,lighting_refresh_s13_zeroBased,1985,3,,0|0|0,0,0,0,0,
2026-03-08T13:28:40.309432,15,refresh,lighting_refresh_s15_zeroBased,2025,3,,0|0|0,0,0,0,0,
2026-03-08T13:28:43.314752,17,refresh,lighting_refresh_s17_zeroBased,2065,3,,0|0|0,0,0,0,0,
2026-03-08T13:28:44.257999,18,refresh,lighting_refresh_s18_zeroBased,2085,3,,0|0|0,0,0,0,0,
2026-03-08T13:28:44.769627,19,refresh,lighting_refresh_s19_zeroBased,2105,3,,0|0|0,0,0,0,0,
2026-03-08T13:39:53.419476,1,refresh,lighting_refresh_s1_zeroBased,1745,3,,0|0|0,0,0,0,0,
2026-03-08T13:39:54.252013,2,refresh,lighting_refresh_s2_zeroBased,1765,3,,0|0|0,0,0,0,0,
2026-03-08T13:39:54.778569,3,refresh,lighting_refresh_s3_zeroBased,1785,3,,0|0|0,0,0,0,0,
2026-03-08T13:39:57.789333,5,refresh,lighting_refresh_s5_zeroBased,1825,3,,0|0|0,0,0,0,0,
2026-03-08T13:43:31.653551,1,refresh,lighting_refresh_s1_zeroBased,1745,3,,0|0|0,0,0,0,0,
2026-03-08T13:43:32.462625,2,refresh,lighting_refresh_s2_zeroBased,1765,3,,0|0|0,0,0,0,0,
2026-03-08T13:43:35.450168,4,refresh,lighting_refresh_s4_zeroBased,1805,3,,0|0|0,0,0,0,0,
2026-03-08T13:43:40.647231,7,refresh,lighting_refresh_s7_zeroBased,1865,3,,0|0|0,0,0,0,0,
2026-03-08T13:43:42.443986,8,refresh,lighting_refresh_s8_zeroBased,1885,3,,0|0|0,0,0,0,0,
2026-03-08T13:43:45.363091,1,refresh,lighting_refresh_s1_zeroBased,1745,3,,0|0|0,0,0,0,0,
2026-03-08T13:43:48.188310,3,refresh,lighting_refresh_s3_zeroBased,1785,3,,0|0|0,0,0,0,0,
2026-03-08T13:43:51.184652,5,refresh,lighting_refresh_s5_zeroBased,1825,3,,0|0|0,0,0,0,0,
2026-03-08T13:43:52.134685,6,refresh,lighting_refresh_s6_zeroBased,1845,3,,0|0|0,0,0,0,0,
2026-03-08T13:43:52.649477,7,refresh,lighting_refresh_s7_zeroBased,1865,3,,0|0|0,0,0,0,0,
2026-03-08T13:43:55.688335,9,refresh,lighting_refresh_s9_zeroBased,1905,3,,0|0|0,0,0,0,0,
2026-03-08T13:43:56.635426,10,refresh,lighting_refresh_s10_zeroBased,1925,3,,0|0|0,0,0,0,0,
2026-03-08T13:43:57.147256,11,refresh,lighting_refresh_s11_zeroBased,1945,3,,0|0|0,0,0,0,0,
2026-03-08T13:44:00.181909,13,refresh,lighting_refresh_s13_zeroBased,1985,3,,0|0|0,0,0,0,0,
2026-03-08T13:44:01.174410,14,refresh,lighting_refresh_s14_zeroBased,2005,3,,0|0|0,0,0,0,0,
2026-03-08T13:44:04.170242,16,refresh,lighting_refresh_s16_zeroBased,2045,3,,0|0|0,0,0,0,0,
2026-03-08T13:44:09.169100,19,refresh,lighting_refresh_s19_zeroBased,2105,3,,0|0|0,0,0,0,0,
2026-03-08T13:48:36.105840,1,refresh,lighting_refresh_s1_zeroBased,1745,3,,0|0|0,0,0,0,0,
2026-03-08T13:48:36.680537,2,refresh,lighting_refresh_s2_zeroBased,1765,3,,0|0|0,0,0,0,0,
2026-03-08T13:48:42.881454,6,refresh,lighting_refresh_s6_zeroBased,1845,3,,0|0|0,0,0,0,0,
2026-03-08T13:48:43.901092,7,refresh,lighting_refresh_s7_zeroBased,1865,3,,0|0|0,0,0,0,0,
2026-03-08T13:48:46.882432,9,refresh,lighting_refresh_s9_zeroBased,1905,3,,0|0|0,0,0,0,0,
2026-03-08T13:48:47.459427,10,refresh,lighting_refresh_s10_zeroBased,1925,3,,0|0|0,0,0,0,0,
2026-03-08T13:48:50.381641,12,refresh,lighting_refresh_s12_zeroBased,1965,3,,0|0|0,0,0,0,0,
2026-03-08T13:48:53.380326,14,refresh,lighting_refresh_s14_zeroBased,2005,3,,0|0|0,0,0,0,0,
2026-03-08T13:48:53.958301,15,refresh,lighting_refresh_s15_zeroBased,2025,3,,0|0|0,0,0,0,0,
2026-03-08T13:48:56.870130,17,refresh,lighting_refresh_s17_zeroBased,2065,3,,0|0|0,0,0,0,0,
2026-03-08T13:48:57.445848,18,refresh,lighting_refresh_s18_zeroBased,2085,3,,0|0|0,0,0,0,0,
2026-03-08T13:49:00.362483,20,refresh,lighting_refresh_s20_zeroBased,2125,3,,0|0|0,0,0,0,0,
2026-03-08T13:51:58.214906,1,pre_state_read,FC3_B+16..B+19,1744,4,,0|0|0|0,1,0,0,0,current_apply=0
2026-03-08T13:51:58.238588,1,payload_write_req,FC16_B+0..B+15,1728,16,1|1300|1405|0|0|0|0|0|0|0|0|0|122|0|0|1,,1,0,0,0,
2026-03-08T13:51:58.754,1,payload_write_ok,FC16_B+0..B+15,1728,16,1|1300|1405|0|0|0|0|0|0|0|0|0|122|0|0|1,,1,0,0,0,
2026-03-08T13:51:58.757016,1,commit_write_req,FC6_B+16,1744,1,1,,1,0,0,0,
2026-03-08T13:52:01.770581,1,commit_write_ok,FC6_B+16,1744,1,1,,1,0,0,0,
2026-03-08T13:52:02.346167,1,poll_read,FC3_B+17..B+19,1745,3,,1|2|0,1,1,2,0,
2026-03-08T13:52:02.347178,1,applied,FC3_B+17..B+19,1745,3,,,1,1,2,0,
2026-03-08T13:52:34.223,1,pre_state_read,FC3_B+16..B+19,1744,4,,1|1|2|0,2,1,2,0,current_apply=1
2026-03-08T13:52:34.225505,1,payload_write_req,FC16_B+0..B+15,1728,16,1|1300|1355|0|0|0|0|0|0|0|0|0|122|0|0|1,,2,1,2,0,
2026-03-08T13:52:34.763621,1,payload_write_ok,FC16_B+0..B+15,1728,16,1|1300|1355|0|0|0|0|0|0|0|0|0|122|0|0|1,,2,1,2,0,
2026-03-08T13:52:34.766151,1,commit_write_req,FC6_B+16,1744,1,2,,2,1,2,0,
2026-03-08T13:52:38.637794,1,client_error,transaction,,,,,2,1,2,0,Bad state: Write failed: lighting_commit_s1_zeroBased: ModbusTcpException: response timeout (2 consecutive)
2026-03-08T13:57:01.220106,1,pre_state_read,FC3_B+16..B+19,1744,4,,2|2|2|0,3,2,2,0,current_apply=2
2026-03-08T13:57:01.224019,1,payload_write_req,FC16_B+0..B+15,1728,16,1|1300|1355|1|1357|1358|1|1359|1400|1|1401|1402|122|0|0|1,,3,2,2,0,
2026-03-08T13:57:05.109912,1,client_error,transaction,,,,,3,2,2,0,Bad state: Write failed: lighting_payload_s1_zeroBased: ModbusTcpException: response timeout (2 consecutive)
2026-03-08T13:57:41.708136,1,pre_state_read,FC3_B+16..B+19,1744,4,,2|2|2|0,4,2,2,0,current_apply=2
2026-03-08T13:57:41.728214,1,payload_write_req,FC16_B+0..B+15,1728,16,1|1300|1355|1|1357|1358|0|0|0|0|0|0|122|0|0|1,,4,2,2,0,
2026-03-08T13:57:44.702527,1,payload_write_ok,FC16_B+0..B+15,1728,16,1|1300|1355|1|1357|1358|0|0|0|0|0|0|122|0|0|1,,4,2,2,0,
2026-03-08T13:57:44.705066,1,commit_write_req,FC6_B+16,1744,1,4,,4,2,2,0,
2026-03-08T13:57:48.604523,1,client_error,transaction,,,,,4,2,2,0,Bad state: Write failed: lighting_commit_s1_zeroBased: ModbusTcpException: response timeout (2 consecutive)
2026-03-08T13:58:02.690359,1,pre_state_read,FC3_B+16..B+19,1744,4,,4|4|2|0,5,4,2,0,current_apply=4
2026-03-08T13:58:02.692883,1,payload_write_req,FC16_B+0..B+15,1728,16,1|1300|1355|1|1357|1358|1|1359|1400|0|0|0|122|0|0|1,,5,4,2,0,
2026-03-08T13:58:03.691344,1,payload_write_ok,FC16_B+0..B+15,1728,16,1|1300|1355|1|1357|1358|1|1359|1400|0|0|0|122|0|0|1,,5,4,2,0,
2026-03-08T13:58:03.694951,1,commit_write_req,FC6_B+16,1744,1,5,,5,4,2,0,
2026-03-08T13:58:06.704869,1,commit_write_ok,FC6_B+16,1744,1,5,,5,4,2,0,
2026-03-08T13:58:08.510065,1,poll_read_error,FC3_B+17..B+19,1745,3,,,5,4,2,0,Bad state: Read failed: lighting_poll_s1_zeroBased: ModbusTcpException: response timeout (1 consecutive)
2026-03-08T13:58:09.689464,1,poll_read,FC3_B+17..B+19,1745,3,,4|2|0,5,4,2,0,
2026-03-08T13:58:11.691747,1,poll_read,FC3_B+17..B+19,1745,3,,4|2|0,5,4,2,0,
2026-03-08T13:58:13.691301,1,poll_read,FC3_B+17..B+19,1745,3,,5|2|0,5,5,2,0,
2026-03-08T13:58:13.693875,1,applied,FC3_B+17..B+19,1745,3,,,5,5,2,0,
2026-03-08T13:58:38.671910,1,pre_state_read,FC3_B+16..B+19,1744,4,,5|5|2|0,6,5,2,0,current_apply=5
2026-03-08T13:58:38.675330,1,payload_write_req,FC16_B+0..B+15,1728,16,1|1300|1355|1|1357|1358|1|1359|1400|1|1401|1402|122|0|0|1,,6,5,2,0,
2026-03-08T13:58:39.679069,1,payload_write_ok,FC16_B+0..B+15,1728,16,1|1300|1355|1|1357|1358|1|1359|1400|1|1401|1402|122|0|0|1,,6,5,2,0,
2026-03-08T13:58:39.683233,1,commit_write_req,FC6_B+16,1744,1,6,,6,5,2,0,
2026-03-08T13:58:43.624716,1,client_error,transaction,,,,,6,5,2,0,Bad state: Write failed: lighting_commit_s1_zeroBased: ModbusTcpException: response timeout (2 consecutive)
2026-03-08T14:01:11.596446,1,pre_state_read,FC3_B+16..B+19,1744,4,,6|6|2|0,7,6,2,0,current_apply=6
2026-03-08T14:01:11.599747,1,payload_write_req,FC16_B+0..B+15,1728,16,0|0|0|0|0|0|0|0|0|0|0|0|122|0|0|1,,7,6,2,0,
2026-03-08T14:01:14.596064,1,payload_write_ok,FC16_B+0..B+15,1728,16,0|0|0|0|0|0|0|0|0|0|0|0|122|0|0|1,,7,6,2,0,
2026-03-08T14:01:14.599138,1,commit_write_req,FC6_B+16,1744,1,7,,7,6,2,0,
2026-03-08T14:01:18.463192,1,client_error,transaction,,,,,7,6,2,0,Bad state: Write failed: lighting_commit_s1_zeroBased: ModbusTcpException: response timeout (2 consecutive)
